{
    "Total": {
        "TP": 1954,
        "FP": 18,
        "FN": 52,
        "TN": 1984,
        "Precision": 0.9908722109533469,
        "Recall": 0.9740777666999003,
        "F1": 0.9824032176973354,
        "Average Time": 0.013321522467150659,
        "Average Time No Infer": 0.0019746038490188814,
        "Threshold": 0.6
    }
}