{
    "Total": {
        "TP": 3605,
        "FP": 143,
        "FN": 193,
        "TN": 9849,
        "Precision": 0.9618463180362861,
        "Recall": 0.9491837809373355,
        "F1": 0.9554730983302413,
        "Average Time": 0.014202143594438913,
        "Average Time No Infer": 0.002274245883866961,
        "Threshold": 0.6
    }
}