{
    "Total": {
        "TP": 3066,
        "FP": 603,
        "FN": 2026,
        "TN": 5496,
        "Precision": 0.8356500408830744,
        "Recall": 0.6021209740769835,
        "F1": 0.6999201004451547,
        "Average Time": 0.014554244372003382,
        "Average Time No Infer": 0.002121799316624408,
        "Threshold": 0.6
    }
}