{
    "Total": {
        "TP": 1960,
        "FP": 13,
        "FN": 46,
        "TN": 1989,
        "Precision": 0.99341104916371,
        "Recall": 0.9770687936191426,
        "F1": 0.9851721538074893,
        "Average Time": 0.26667616639784475,
        "Average Time No Infer": 0.011381094803115327,
        "Threshold": 0.3
    }
}