{
    "Total": {
        "TP": 3581,
        "FP": 44,
        "FN": 217,
        "TN": 9948,
        "Precision": 0.9878620689655172,
        "Recall": 0.9428646656134808,
        "F1": 0.9648390138757914,
        "Average Time": 0.29832068392122196,
        "Average Time No Infer": 0.01105084173743322,
        "Threshold": 0.3
    }
}