{
    "Total": {
        "TP": 436,
        "FP": 3,
        "FN": 247,
        "TN": 342,
        "Precision": 0.9931662870159453,
        "Recall": 0.6383601756954612,
        "F1": 0.7771836007130125,
        "Average Time": 0.32876142082511217,
        "Threshold": 0.4
    }
}