{
    "Total": {
        "TP": 1739,
        "FP": 6,
        "FN": 272,
        "TN": 1028,
        "Precision": 0.9965616045845272,
        "Recall": 0.8647439085032322,
        "F1": 0.9259850905218318,
        "Average Time": 0.5985551369014045,
        "Threshold": 0.35
    }
}