{
    "Total": {
        "TP": 414,
        "FP": 2,
        "FN": 67,
        "TN": 239,
        "Precision": 0.9951923076923077,
        "Recall": 0.8607068607068608,
        "F1": 0.9230769230769231,
        "Average Time": 0.3676511894632905,
        "Threshold": 0.35
    }
}