{
    "Total": {
        "TP": 113,
        "FP": 0,
        "FN": 570,
        "TN": 345,
        "Precision": 1.0,
        "Recall": 0.16544655929721816,
        "F1": 0.28391959798994976,
        "Average Time": 0.33855761605014134,
        "Threshold": 0.55
    }
}