{
    "Total": {
        "TP": 576,
        "FP": 3,
        "FN": 107,
        "TN": 342,
        "Precision": 0.9948186528497409,
        "Recall": 0.8433382137628112,
        "F1": 0.9128367670364501,
        "Average Time": 0.4401242790982881,
        "Threshold": 0.35
    }
}