{
    "Total": {
        "TP": 318,
        "FP": 2,
        "FN": 365,
        "TN": 343,
        "Precision": 0.99375,
        "Recall": 0.465592972181552,
        "F1": 0.6340977068793618,
        "Average Time": 0.3389557317073243,
        "Threshold": 0.45
    }
}