{
    "Total": {
        "TP": 193,
        "FP": 0,
        "FN": 490,
        "TN": 345,
        "Precision": 1.0,
        "Recall": 0.28257686676427524,
        "F1": 0.4406392694063927,
        "Average Time": 0.3226262472482971,
        "Threshold": 0.5
    }
}