{
    "Total": {
        "TP": 64,
        "FP": 0,
        "FN": 619,
        "TN": 345,
        "Precision": 1.0,
        "Recall": 0.09370424597364568,
        "F1": 0.1713520749665328,
        "Average Time": 0.31622360351020723,
        "Threshold": 0.6
    }
}