{
    "Total": {
        "TP": 642,
        "FP": 4,
        "FN": 41,
        "TN": 341,
        "Precision": 0.9938080495356038,
        "Recall": 0.9399707174231332,
        "F1": 0.9661399548532731,
        "Average Time": 0.389431725912057,
        "Threshold": 0.3207778767252235
    }
}