{
    "Total": {
        "TP": 167,
        "FP": 0,
        "FN": 516,
        "TN": 345,
        "Precision": 1.0,
        "Recall": 0.2445095168374817,
        "F1": 0.39294117647058824,
        "Average Time": 0.3035772711850326,
        "Threshold": 0.52
    }
}