{
    "Total": {
        "TP": 1942,
        "FP": 16,
        "FN": 69,
        "TN": 1018,
        "Precision": 0.9918283963227783,
        "Recall": 0.9656887120835406,
        "F1": 0.9785840262030739,
        "Average Time": 0.3721063924736186,
        "Average Time No Infer": 0.0055118280482801115,
        "Threshold": 0.30216426413758424
    }
}