{
    "Total": {
        "TP": 1899,
        "FP": 689,
        "FN": 107,
        "TN": 11325,
        "Precision": 0.7337712519319938,
        "Recall": 0.9466600199401795,
        "F1": 0.826730518067044,
        "Average Time": 0.01662354496508284,
        "Average Time No Infer": 0.0024192428282766303,
        "Threshold": 0.3
    }
}