{
    "Total": {
        "TP": 1899,
        "FP": 110,
        "FN": 107,
        "TN": 1896,
        "Precision": 0.9452463912394226,
        "Recall": 0.9466600199401795,
        "F1": 0.9459526774595267,
        "Average Time": 0.01602075980643808,
        "Average Time No Infer": 0.002327645288507342,
        "Threshold": 0.3
    }
}