{
    "0.0": {
        "Precision": 0.5,
        "Recall": 1.0,
        "F1": 0.6666666666666666,
        "Total": 0.5
    },
    "0.05": {
        "Precision": 0.50012465719272,
        "Recall": 1.0,
        "F1": 0.6667774638524182,
        "Total": 0.5002492522432702
    },
    "0.1": {
        "Precision": 0.5052896725440806,
        "Recall": 1.0,
        "F1": 0.6713520749665328,
        "Total": 0.5104685942173479
    },
    "0.15000000000000002": {
        "Precision": 0.5509755427315196,
        "Recall": 0.9995014955134596,
        "F1": 0.7103631532329495,
        "Total": 0.5924725822532403
    },
    "0.2": {
        "Precision": 0.6651162790697674,
        "Recall": 0.9980059820538385,
        "F1": 0.7982456140350879,
        "Total": 0.7477567298105683
    },
    "0.25": {
        "Precision": 0.827295703454086,
        "Recall": 0.9790628115653041,
        "F1": 0.8968036529680365,
        "Total": 0.8873379860418744
    },
    "0.30000000000000004": {
        "Precision": 0.9452463912394226,
        "Recall": 0.9466600199401795,
        "F1": 0.9459526774595267,
        "Total": 0.9459122632103689
    },
    "0.35000000000000003": {
        "Precision": 0.9809056192034915,
        "Recall": 0.8963110667996012,
        "F1": 0.9367022662151601,
        "Total": 0.939431704885344
    },
    "0.4": {
        "Precision": 0.9947916666666666,
        "Recall": 0.7617148554336989,
        "F1": 0.862789384528515,
        "Total": 0.8788634097706879
    },
    "0.45": {
        "Precision": 0.9975530179445351,
        "Recall": 0.6096709870388833,
        "F1": 0.7568069306930693,
        "Total": 0.8040877367896311
    },
    "0.5": {
        "Precision": 1.0,
        "Recall": 0.4391824526420738,
        "F1": 0.6103221337028056,
        "Total": 0.7195912263210369
    },
    "0.55": {
        "Precision": 1.0,
        "Recall": 0.24127617148554337,
        "F1": 0.38875502008032126,
        "Total": 0.6206380857427717
    },
    "0.6000000000000001": {
        "Precision": 1.0,
        "Recall": 0.13409770687936193,
        "F1": 0.2364835164835165,
        "Total": 0.5670488534396809
    },
    "0.65": {
        "Precision": 1.0,
        "Recall": 0.09122632103688934,
        "F1": 0.16719963453631798,
        "Total": 0.5456131605184447
    },
    "0.7000000000000001": {
        "Precision": 1.0,
        "Recall": 0.06530408773678963,
        "F1": 0.12260177819372951,
        "Total": 0.5326520438683948
    },
    "0.75": {
        "Precision": 1.0,
        "Recall": 0.04835493519441675,
        "F1": 0.0922491678554446,
        "Total": 0.5241774675972084
    },
    "0.8": {
        "Precision": 1.0,
        "Recall": 0.027417746759720838,
        "F1": 0.05337214944201844,
        "Total": 0.5137088733798604
    },
    "0.8500000000000001": {
        "Precision": 1.0,
        "Recall": 0.005483549351944167,
        "F1": 0.010907288051561726,
        "Total": 0.502741774675972
    },
    "0.9": {
        "Precision": 1.0,
        "Recall": 0.0014955134596211367,
        "F1": 0.002986560477849677,
        "Total": 0.5007477567298105
    },
    "0.9500000000000001": {
        "Precision": 0,
        "Recall": 0.0,
        "F1": 0,
        "Total": 0.5
    },
    "1.0": {
        "Precision": 0,
        "Recall": 0.0,
        "F1": 0,
        "Total": 0.5
    }
}