{
    "0.0": {
        "Precision": 0.5,
        "Recall": 1.0,
        "F1": 0.6666666666666666,
        "Total": 0.5
    },
    "0.05": {
        "Precision": 0.5007488766849726,
        "Recall": 1.0,
        "F1": 0.6673320026613441,
        "Total": 0.5014955134596212
    },
    "0.1": {
        "Precision": 0.5372254954472415,
        "Recall": 1.0,
        "F1": 0.6989547038327526,
        "Total": 0.5692921236291126
    },
    "0.15000000000000002": {
        "Precision": 0.6922015182884748,
        "Recall": 1.0,
        "F1": 0.8181076672104405,
        "Total": 0.7776669990029911
    },
    "0.2": {
        "Precision": 0.8739092495636999,
        "Recall": 0.9985044865403788,
        "F1": 0.9320614239181014,
        "Total": 0.9272183449651047
    },
    "0.25": {
        "Precision": 0.9726428920371275,
        "Recall": 0.9925224327018943,
        "F1": 0.9824821120157908,
        "Total": 0.9823030907278165
    },
    "0.30000000000000004": {
        "Precision": 0.99341104916371,
        "Recall": 0.9770687936191426,
        "F1": 0.9851721538074893,
        "Total": 0.9852941176470589
    },
    "0.35000000000000003": {
        "Precision": 0.9972722313147845,
        "Recall": 0.9112662013958126,
        "F1": 0.952331336285491,
        "Total": 0.9543868394815553
    },
    "0.4": {
        "Precision": 0.9993275050437121,
        "Recall": 0.7407776669990029,
        "F1": 0.8508445462353278,
        "Total": 0.8701395812562313
    },
    "0.45": {
        "Precision": 1.0,
        "Recall": 0.577766699900299,
        "F1": 0.7323854660347551,
        "Total": 0.7888833499501495
    },
    "0.5": {
        "Precision": 1.0,
        "Recall": 0.3673978065802592,
        "F1": 0.5373678454247175,
        "Total": 0.6836989032901296
    },
    "0.55": {
        "Precision": 1.0,
        "Recall": 0.2143569292123629,
        "F1": 0.3530377668308703,
        "Total": 0.6071784646061814
    },
    "0.6000000000000001": {
        "Precision": 1.0,
        "Recall": 0.10717846460618145,
        "F1": 0.19360648356596127,
        "Total": 0.5535892323030908
    },
    "0.65": {
        "Precision": 1.0,
        "Recall": 0.05084745762711865,
        "F1": 0.0967741935483871,
        "Total": 0.5254237288135594
    },
    "0.7000000000000001": {
        "Precision": 1.0,
        "Recall": 0.01296111665004985,
        "F1": 0.025590551181102362,
        "Total": 0.5064805583250249
    },
    "0.75": {
        "Precision": 1.0,
        "Recall": 0.0024925224327018943,
        "F1": 0.004972650422675286,
        "Total": 0.501246261216351
    },
    "0.8": {
        "Precision": 1.0,
        "Recall": 0.0014955134596211367,
        "F1": 0.002986560477849677,
        "Total": 0.5007477567298105
    },
    "0.8500000000000001": {
        "Precision": 1.0,
        "Recall": 0.0004985044865403788,
        "F1": 0.000996512207274539,
        "Total": 0.5002492522432702
    },
    "0.9": {
        "Precision": 0,
        "Recall": 0.0,
        "F1": 0,
        "Total": 0.5
    },
    "0.9500000000000001": {
        "Precision": 0,
        "Recall": 0.0,
        "F1": 0,
        "Total": 0.5
    },
    "1.0": {
        "Precision": 0,
        "Recall": 0.0,
        "F1": 0,
        "Total": 0.5
    }
}