{
    "Total": {
        "TP": 503,
        "FP": 3,
        "FN": 180,
        "TN": 342,
        "Precision": 0.9940711462450593,
        "Recall": 0.7364568081991215,
        "F1": 0.8460891505466779,
        "Average Time": 0.043894606341647734,
        "Threshold": 0.4
    }
}