{
    "Total": {
        "TP": 582,
        "FP": 6,
        "FN": 101,
        "TN": 339,
        "Precision": 0.9897959183673469,
        "Recall": 0.8521229868228404,
        "F1": 0.9158143194335169,
        "Average Time": 0.04462134559794623,
        "Threshold": 0.35
    }
}