{
    "Total": {
        "TP": 412,
        "FP": 1,
        "FN": 69,
        "TN": 240,
        "Precision": 0.9975786924939467,
        "Recall": 0.8565488565488566,
        "F1": 0.9217002237136466,
        "Average Time": 0.042983272069048686,
        "Threshold": 0.35
    }
}