{
    "Total": {
        "TP": 1744,
        "FP": 25,
        "FN": 267,
        "TN": 1009,
        "Precision": 0.9858677218767665,
        "Recall": 0.8672302337145699,
        "F1": 0.9227513227513228,
        "Average Time": 0.04945922923597013,
        "Average Time No Infer": 0.0011987788728109526,
        "Threshold": 0.3428098723667541
    }
}