{
    "Total": {
        "TP": 433,
        "FP": 2,
        "FN": 250,
        "TN": 343,
        "Precision": 0.9954022988505747,
        "Recall": 0.6339677891654466,
        "F1": 0.7745974955277282,
        "Average Time": 0.04118941335826532,
        "Threshold": 0.45
    }
}