{
    "Total": {
        "TP": 117,
        "FP": 0,
        "FN": 566,
        "TN": 345,
        "Precision": 1.0,
        "Recall": 0.17130307467057102,
        "F1": 0.2925,
        "Average Time": 0.043751812862514984,
        "Threshold": 0.6
    }
}