{
    "Total": {
        "TP": 196,
        "FP": 1,
        "FN": 487,
        "TN": 344,
        "Precision": 0.9949238578680203,
        "Recall": 0.2869692532942899,
        "F1": 0.44545454545454544,
        "Average Time": 0.04491249990834336,
        "Threshold": 0.55
    }
}