{
    "Total": {
        "TP": 1724,
        "FP": 23,
        "FN": 287,
        "TN": 1011,
        "Precision": 0.9868345735546652,
        "Recall": 0.8572849328692193,
        "F1": 0.9175093134646088,
        "Average Time": 0.042734744161220604,
        "Threshold": 0.35
    }
}