{
    "Total": {
        "TP": 308,
        "FP": 1,
        "FN": 375,
        "TN": 344,
        "Precision": 0.9967637540453075,
        "Recall": 0.45095168374816985,
        "F1": 0.6209677419354839,
        "Average Time": 0.04218229987741908,
        "Threshold": 0.5
    }
}