{
    "Total": {
        "TP": 595,
        "FP": 10,
        "FN": 88,
        "TN": 335,
        "Precision": 0.9834710743801653,
        "Recall": 0.8711566617862372,
        "F1": 0.9239130434782609,
        "Average Time": 0.039000159339682136,
        "Threshold": 0.33644188147061005
    }
}