{
    "Total": {
        "TP": 254,
        "FP": 1,
        "FN": 429,
        "TN": 344,
        "Precision": 0.996078431372549,
        "Recall": 0.3718887262079063,
        "F1": 0.5415778251599147,
        "Average Time": 0.04161492604689839,
        "Threshold": 0.52
    }
}